ID;font;en;zh-Hans;zh-Hant;th;es;de;ja;ko;Comment
V110_ME_NAME;7; You ; 我 ; 我 ;ฉัน;;;;;
V110_SHAREREWARD;7;Earn 30;获得%d;获得%d;ได้รับ;;;;;
V110_SHAREREWARD_ONE;7;Earn 30;分享;分享;แชร์;;;;;
V110_DAILYREWARD;7;Daily Reward;每日奖励;每日奖励;โบนัสประจำวัน;;;;;
V110_UNLIMITLIFE;7;Daily Reward;无限体力;无限体力;พลังไร้ขีดจำกัด;;;;;
V140_INVITE_TITLE;1;Daily Reward;邀请好友;邀请好友;เชิญเพื่อน;;;;;
V140_WXINVITEBTN;1;Daily Reward;邀请微信好友;邀请微信好友;เชิญเพื่อนในวีแชท;;;;;
V140_WXINVITELISTBTN;1;Daily Reward;查看已邀请好友;查看已邀请好友;ตรวจสอบเพื่อนที่ทำการเชิญแล้ว;;;;;
V140_INVITE_T;7;Daily Reward;邀请;邀请;คำเชิญ;;;;;
V140_ENTER_NAME;6;Daily Reward;请输入一个昵称;请输入一个昵称;กรอกชื่อ;;;;;
V140_(D)_INVITE;7;Daily Reward;%d位好友;%d位好友;%dเพื่อน;;;;;
V140_(D)_HOUR;6;Daily Reward;%d小时;%d小时;%dชั่วโมง;;;;;
V140_UNLIMITLIFE;2,6;Daily Reward;无限体力;无限体力;พลังไร้ขีดจำกัด;;;;;
V140_ISUSED;6;Daily Reward;已使用;已使用;ใช้แล้ว;;;;;
V140_BRANCH_PLAY;5;PLAY;挑战;挑战;เล่น;;;;;
V140_SKIP;5;Skip;跳过;跳过;ข้าม;;;;;
V140_ALLREADY_INVITE_(D);6;Daily Reward;已经成功邀请%d位好友;已经成功邀请%d位好友;ทำการขอเพื่อน%dคนแล้วสำเร็จแล้ว;;;;;
V140_INVITE_ONLYONETIME;7;Daily Reward;已送别人无限生命的好友不会出现在此列表中;已送别人无限生命的好友不会出现在此列表中;คุณได้ทำการส่งพลังงานไร้ขีดจำกัดให้เพื่อนแล้ว เพราะฉะนั้นจะไม่ปรากฏที่ตารางนี้อีก;;;;;
V100_LOADING;2;LOADING;读取中;读取中;กำลังโหลดข้อมูล;;;;;
V100_REFILLLIVES_UPGRADEINFO1;7;Permanently increases max lives to 8,;最大体力永久提升到8。;最大体力永久提升到8。;เพิ่มพลังชีวิตให้สูงสุด 8 ตัว;;;;;
V100_REFILLLIVES_UPGRADEINFO2;7;and refills 8 lives FOR FREE!;且免费填满8个体力！;且免费填满8个体力！;;;;;;
V100_TITLE_FREEGOLD;2;;领取免费金币;领取免费金币;รับเหรียญทองฟรี;;;;;
V100_FREEGOLD_INFO;6;;点击按钮领取免费金币！;点击按钮领取免费金币！;คลิ๊กที่นี่เพื่อรับเหรียญทองฟรี;;;;;
V100_BUY_FOR_(D);7;BUY FOR %d;花费 %d;花费 %d;ซื้อ%d;;;;;
V100_YOU_HAVE_X_LIVES;6;You have %d lives.;你有 %d 个体力;你有 %d 个体力;คุณมี %d ชีวิต;;;;;
V100_YOU_HAVE_1_LIFE;6;You have 1 life.;你有 1 个体力;你有 1 个体力;คุณมี1ชีวิต;;;;;
V100_+1_IN_(S);6;+1 in %s; %s 后加 1; %s 后加 1;%s หลังจากเพิ่ม1;;;;;
V100_REFILL_LIVES_TITLE;2;REFILL LIVES;填满体力;填满体力;เพิ่มชีวิต;;;;;
V100_BUY_FOR_(S)_(S);2;BUY FOR %s%s;花费 %s%s;花费 %s%s;ซื้อ%s%s;;;;;
V100_SUPPORT_ID;7;USER ID: %s;USER ID: %s;;ไอดีผู้ใช้%s;;;;;
V100_QUEST1;9;JELLY 1;解救伙伴 1;解救伙伴 1;ตัวช่วยที่ 1;;;;;
V100_QUEST2;9;JELLY 2;解救伙伴 2;解救伙伴 2;ตัวช่วยที่ 2;;;;;
V100_QUEST3;9;JELLY 3;解救伙伴 3;解救伙伴 3;ตัวช่วยที่ 3;;;;;
V100_QUEST_D;9;JELLY %d;解救伙伴 %d;解救伙伴 %d;ตัวช่วย %d;;;;;
V100_BUTTON_PLAY;1;PLAY;开始冒险;开始冒险;เริ่มผจญภัย;;;;;
V100_BUTTON_MORE;1;MORE;更多;更多;มากขึ้น;;;;;
V100_BUTTON_QUIT;1;QUIT;退出;退出;ออก;;;;;
V100_BUTTON_CANCEL;1;CANCEL;取消;取消;ยกเลิก;;;;;
V100_BUTTON_OK;1;OK;确定;确定;ยืนยัน;;;;;
V100_BUTTON_CONTACT_US;1;CONTACT US;联系我们;联系我们;ติดต่อพวกเรา;;;;;
V100_BUTTON_RESTORE;1;RESTORE;修改昵称;修改昵称;เรียกคืนรายการซื้อ;;;;;
V100_BUTTON_REFILL;1;REFILL;填满体力;填满体力;เพิ่มชีวิต;;;;;
V100_BUTTON_UPGRADE;1;UPGRADE;升级;升级;อัพเกรด;;;;;
V100_BUTTON_BUY;1;BUY;购买;购买;ซื้อ;;;;;
V100_BUTTON_RESUME;1;RESUME;返回;返回;ย้อนกลับ;;;;;
V100_BUTTON_CONTINUE;1;CONTINUE;继续;继续;ต่อไป;;;;;
V100_BUTTON_PLAY_ON;1;PLAY ON;继续玩;继续玩;เล่นต่อไป;;;;;
V100_SETTINGS;1;SETTINGS;设置;设置;ตั้งค่า;;;;;
V100_RESTORE_INFO;7;Have you made a purchase in the game that does not show up? Try restoring In-App purchases.;你购买过的商品不能用了吗？试试从苹果商店恢复你购买过的商品。;你购买过的商品不能用了吗？试试从苹果商店恢复你购买过的商品。;ไม่มีรายการสินค้าที่คุณซื้อไว้ ให้ทำการเรียกคืนที่ในแอพสโตร์ก่อน;;;;;
V100_RMB_SYMBLE;5;;￥;￥;หยวน;;;;;
V100_FACEBOOK_CONNECTED;7;Connect with Facebook to send gifts to friends.;FACEBOOK;FACEBOOK;เชื่อมต่อกับเฟสบุ๊ค\nเพื่อส่งของขวัญให้เพื่อน;;;;;
V100_FACEBOOK_DISCONNECTED;7;Tap to disconnect from your Facebook account.;断开连接;断开连接;ยกเลิกการเชื่อมต่อกับเฟสบุ๊ค;;;;;
V100_WEIXIN;7;;微信公众号：奇妙游戏;微信公众号：奇妙游戏;หมายเลขวีแชทคือ เจลลี่มาเนีย;;;;;
V100_(D)_MORE;6;%d%% MORE;多送 %d%%;多送 %d%%;เพิ่มให้%d%%;;;;;
V100_QUEST_(D)_(D);7;Jelly %d-%d;解救伙伴  %d-%d;解救伙伴  %d-%d;เจลลี่ %d-%d;;;;;
V100_LEVEL_(D);1;LEVEL %d;关卡 %d;关卡 %d;เลเวล%d;;;;;
V100_LEVEL_TARGET_CLASSIC;7;Rescue all your friends!;救出所有的果冻小伙伴！;救出所有的果冻小伙伴！;ช่วยเพื่อนเจลลี่ทั้งหลาย;;;;;
V100_NOT_ENOUGH_GOLD;2;NOT ENOUGH;不够了;不够了;มีไม่พอ;;;;;
V100_NOT_ENOUGH_GOLD_2;2,4;GOLD;金币;金币;เหรียญทอง;;;;;
V100_CONGRATULATIONS;1;REWARDS!;恭喜你！;恭喜你！;รางวัล;;;;;
V100_GET_GOLD;3;You Received:;你获得了：;你获得了：;คุณได้รับ;;;;;
V120_BUTTON_OK;1;OKAY;确定;确定;ยืนยัน;;;;;
V100_PLAY_QUEST_(D)_IN_(S);7;Play Jelly %d in %s;离解救伙伴%d还剩%s;离解救伙伴%d还剩%s;ใช้เจลลี่%dใน%s;;;;;
V100_PRIZE_PACKAGE;6;package x%d;金币大礼包 x%d;金币大礼包 x%d;ถุงโบนัสเหรียญทองx%d;;;;;
V100_TAP_TO_CONTINUE;7;TAP TO CONTINUE >>;点击继续>>;点击继续>>;คลิ๊กเพื่อไปต่อ;;;;;
V100_NEW_BOOST;2;NEW BOOST;新道具;新道具;ตัวช่วย;;;;;
V100_UNLOCKED;2;UNLOCKED!;解锁啦！;解锁啦！;ปลดล็อค;;;;;
V100_PAUSE;1;PAUSE;暂停;暂停;หยุดพักสักครู่;;;;;
V100_MUSIC;2;MUSIC;音乐;音乐;ดนตรี;;;;;
V100_SOUND;2;SOUND;音效;音效;เสียง;;;;;
V100_GOAL;2;GOAL;解救目标;解救目标;เป้าหมายการช่วยเหลือ;;;;;
V100_GOLD_DES;6;(%d gold);(%d个金币);(%d个金币);%dเหรียญทอง;;;;;
V100_BOOSTS;1;BOOSTS;道具;道具;ตัวช่วย;;;;;
V100_IAP_TITLE;1;GOLD SHOP;金币商店;金币商店;ร้านค้าเหรียญทอง;;;;;
V100_HANDBOOK_TITLE;1;Friends;小伙伴们;小伙伴们;เพื่อน;;;;;
V100_HANDBOOK_CHAPTER;6,7;Chapter %d;第 %d 章;第 %d 章;ด่านที่%d;;;;;
V100_HANDBOOK_CHAPTERUNLOCK;6,7;Complete chapter %d to unlock.;完成第%d章解锁;完成第%d章解锁;ผ่านด่าน%dเพื่อปลดล็อค;;;;;
V100_DO_YOU_WANT_TO_QUIT?;2;DO YOU WANT TO QUIT?;你确认退出吗？;你确认退出吗？;คุณยืนยันที่จะออกจากเกมหรือไม่;;;;;
V100_YOU_WILL_LOSE_1;6;You will lose 1 ;体力将会损失1个;体力将会损失1个;คุณจะเสีย 1 ชีวิต;;;;;
V100_NO_MORE_MOVES!;2;NO MORE MOVES!;步数用完了！;步数用完了！;คุณไม่สามารถไปต่อได้แล้ว;;;;;
V100_TITLE_RESTORE;2;RESTORE;恢复;恢复;เรียกคืนรายการซื้อ;;;;;
V100_TITLE_PURCHASES;2;PURCHASES;已购买的;已购买的;ซื้อ;;;;;
V100_LEVEL_FAILED...;2;LEVEL FAILED...;挑战失败...;挑战失败...;ไม่่ผ่านเลเวล;;;;;
V100_+1_IN;7;+1 in\n%s;%s\n后加1;%s\n后加1;%s;;;;;
V100_LAST_MISSION!;2;Final Mission!;最后的任务！;最后的任务！;ด่านสุดท้าย;;;;;
V100_HELP_3_MORE_FRIENDS;7;Rescue 3 jellies to unlock!;解救3个小伙伴后解锁！;解救3个小伙伴后解锁！;ช่วยเจลลี่ 3 ตัวเพื่อทำการปลดล็อค;;;;;
V100_HOW_TO_GO_TO_THE_NEXT_MAP:;6;How to unlock new chapter:;如何解锁下个章节：;如何解锁下个章节：;ทำอย่างไรถึงจะปลดล็อคด่านต่อไป;;;;;
V100_OR_GET_QUICK_HELP!;7;Or buy keys to rescue them now!;或购买钥匙立即解救小伙伴！;或购买钥匙立即解救小伙伴！;หรืออาจจะทำการซื้อกุญแจเพื่อทำการช่วยเพื่อนตัวน้อยทันที;;;;;
V100_WARNING_TITLE;1;WARNING;注意！;注意！;ระวัง;;;;;
V100_BOOSTER_0;2,6;Super Spoon;万能勺子;万能勺子;ซุปเปอร์ช้อน;;;;;
V100_BOOSTER_1;2,6;Cross Rainbow;十字彩虹;十字彩虹;แมวผู้หิวโซ;;;;;
V100_BOOSTER_2;2,6;Rainbow Sugar;七彩糖粉;七彩糖粉;น้ำตาลสายรุ้ง;;;;;
V100_BOOSTER_3;2,6;Mega Straw;超级吸管;超级吸管;ซุปเปอร์หลอด;;;;;
V100_BOOSTER_5;2,6;Happy Face;快乐笑脸;快乐笑脸;ยิ้มแฉ่ง;;;;;
V100_BOOSTER_4;2,6;Jelly Swap;快乐换换;快乐换换;สับเปลี่ยน;;;;;
V100_BOOSTER_6;2,6;+5 Moves;+5步;+5步;เคลื่อนที่ +5 ก้าว;;;;;
V100_BOOSTER_7;2,6;Cross Squares;十字消格子;十字消格子;ล้มทั้งแถว;;;;;
V100_BOOSTER_8;2,6;Bonus Squares;加分格子;加分格子;โบนัส +1;;;;;
V100_BOOSTER_9;2,6;Super Squares;万能格子;万能格子;พลังสูบ;;;;;
V100_BOOSTER_101;2,6;Gold;金币;金币;เหรียญทอง;;;;;
V100_BOOSTER_103;2,6;Unlimited Lives;无限体力;无限体力;ชีวิตไม่จำกัด;;;;;
V100_BOOSTER_102;2,6;Free Spin;再爽一把;再爽一把;หมุนอีกครั้ง;;;;;
V100_BOOSTER_104;2,6;Life;体力;体力;ชีวิต;;;;;
V100_BOOSTER_HARVEST1GRID_INFO;7;A magic spoon you can use to rescue jellies.;一把神奇的勺子，可以帮助你解救果冻。;一把神奇的勺子，可以帮助你解救果冻。;ช้อนวิเศษซึ่งคุณสามารถ\nใช้ช่วยเหลือเจลลี่ได้;;;;;
V100_BOOSTER_HARVEST1ROW_INFO;7;You can choose a square to activate a Cross Rainbow.;可以在你选择的格子上，立即触发一个十字彩虹消除。;可以在你选择的格子上，立即触发一个十字彩虹消除。;เจ้าแมววายร้ายมาแล้ว เจ้าตัวน้อยรีบวิ่งกันเร็ว;;;;;
V100_BOOSTER_+1_INFO;7;Will make the jelly sweeter, so you can harvest more!;可以让果冻们更甜，使获得的数量更多。;可以让果冻们更甜，使获得的数量更多。;ทำเจลลี่ให้หวานขึ้นเพื่อ\nเพิ่มปริมาณให้มากขึ้น;;;;;
V100_BOOSTER_HARVEST1TYPE_INFO;6,7;A very powerful straw that can suck up all jellies of the same color.;吸力超强的吸管，可把一种颜色的果冻都吸光。;吸力超强的吸管，可把一种颜色的果冻都吸光。;ซุปเปอร์หลอดมีพลังมาก  สามารถดูดเจลลี่สีเดียวกัน ให้หมดในครั้งเดียว;;;;;
V100_BOOSTER_CUREROT_INFO;7;Can make sad jellies happy again.;可以让悲伤的果冻们再次高兴起来。;可以让悲伤的果冻们再次高兴起来。;สามารถทำเจลลี่ที่เศร้าหมอง ให้กลับมามีชีวิตชีวาอีกครั้ง;;;;;
V100_BOOSTER_SHUFFLE_INFO;7;Swap the positions of any two jellies.;快乐换换可以交换任意2个果冻的位置。;快乐换换可以交换任意2个果冻的位置。;สลับตำแหน่งเจลลี่;;;;;
V100_BOOSTER_MOVE+5_INFO;7;Add an extra 5 moves.;增加额外的5步。;增加额外的5步。;เพิ่มการเลื่อนให้อีก 5 ครั้ง;;;;;
V100_BOOSTER_TCROSS_INFO;7;"The game starts with 3 ""cross"" squares. Once activated, they will let you rescue one row and one column of jellies.";开始游戏时获得3个十字消格子，生效后解救一行和一列的果冻;开始游戏时获得3个十字消格子，生效后解救一行和一列的果冻;เกมจะให้ช่อง3ช่อง ซึ่งช่องนี้จะทำให้คุณช่วยเจลลี่ ได้ทั้งในแนวตั้งและแนวนอน;;;;;
V100_BOOSTER_4MATCH_INFO;7;"The game starts with 4 ""bonus"" squares. Once activated, they will give a +1 bonus to one kind of jelly.";开始游戏时获得4个加分格子，生效后使一种果冻奖励+1;开始游戏时获得4个加分格子，生效后使一种果冻奖励+1;เกมจะให้โบนัส 4 ช่อง\nหากช่วยเจลลี่ใน 4 ช่องได้\nเจลลี่อื่นจะได้แต้มเพิ่มด้วย;;;;;
V100_BOOSTER_5LINE_INFO;7;"The game starts with 2 ""super"" squares. Once activated, they will let you rescue all jellies of a single color.";开始游戏时获得2个万能格子，生效后解救一种颜色的所有果冻;开始游戏时获得2个万能格子，生效后解救一种颜色的所有果冻;ตอนเริ่มเกมจะได้ 2 พลังสูบ สามารถใช้ช่วยเจลลี่ที่มีสีเดียวกันได้ทั้งหมด;;;;;
V100_COMING_SOON;2;Try playing the challenge levels available for each jelly.;去完成更多挑战关卡吧！;去完成更多挑战关卡吧！;ไปทำภารกิจอื่นๆที่ท้าทายกว่านี้กันเถอะ!;;;;;
V100_COMING_SOON1;2;Wow! You've completed every map! Try playing the challenge levels available for each jelly.;去完成更多挑战关卡吧！;去完成更多挑战关卡吧！;สุดยอด!คุณสำเร็จแผนการเดินทางทั้งหมดแล้ว ไปทำภารกิจอื่นๆที่ท้าทายกว่านี้กันเถอะ!;;;;;
V100_COMING_SOON2;2;Wow, you've completed all levels! New content coming very soon!;一大波精彩内容即将到来！;一大波精彩内容即将到来！;ความสนุกอีกมากมายกำลังจะตามมา!;;;;;
V100_TUT1_1;7;Help! Connect 3 blue jellies to rescue us!;救救我们啊！组合3个蓝色果冻来解救我们吧！;救救我们啊！组合3个蓝色果冻来解救我们吧！;ช่วยด้วย! เรียงเจลลี่สีฟ้า\nต่อกัน 3 ตัวเพื่อช่วยพวกเรา!;;;;;
V100_TUT1_2;7;Connect 3 blue jellies again to continue the rescue.;好样的！再次组合3个蓝色果冻来继续解救。;好样的！再次组合3个蓝色果冻来继续解救。;เยี่ยม! เรียงเจลลี่สีฟ้า\n3 ตัวอีกครั้งเพื่อช่วย\nพวกเราต่อไป;;;;;
V100_TUT1_3;7;Great! Just one more time and we'll be free. Move the blue jelly!;太好了！还差一次，我们就自由了，移动蓝色果冻吧！;太好了！还差一次，我们就自由了，移动蓝色果冻吧！;ดีมาก! อีกนิดเดียวเท่านั้น พวกเราก็จะเป็นอิสระแล้ว เคลื่อนที่เจลลี่สีฟ้าเร็ว!;;;;;
V100_TUT2_1;7;This time you need to collect 6 blue jellies and 6 yellow jellies to win.;这一次, 你需要解救 6 个蓝色果冻和 6 个黄色果冻来获得胜利。;这一次, 你需要解救 6 个蓝色果冻和 6 个黄色果冻来获得胜利。;คราวนี้ต้องทำการช่วยเจลลี่สีฟ้า 6 อันและเจลลี่สีเหลือง 6 อันเพื่อผ่านด่าน;;;;;
V100_TUT2_2;7;You must complete this rescue mission before you run out of moves.;在步数用完之前，您需要完成这次的解救任务。;在步数用完之前，您需要完成这次的解救任务。;คุณต้องทำภารกิจช่วยครั้งนี้ ให้สำเร็จก่อนที่จะหมด โอกาสในการเคลื่อนย้าย;;;;;
V100_TUT3_1;7;With GOLD you can buy more moves, lives and boosts.;金币可以让您购买更多的移动步数，生命，以及方便的道具。;金币可以让您购买更多的移动步数，生命，以及方便的道具。;เหรียญทองสามารถนำมา ใช้ซื้อตาเดินชีวิต และตัวช่วยอื่นๆเพิ่มเติม;;;;;
V100_TUT4_1;7;A magic spoon you can use to rescue jellies.;一把神奇的勺子，可以帮助你解救果冻。;一把神奇的勺子，可以帮助你解救果冻。;คุณสามารถใช้ซุปเปอร์ซ้อนช่วยเจลลี่ได้;;;;;
V100_TUT5_1;7;You can use the Super Spoon to rescue a jelly. Tap the Super Spoon.;万能勺子可以立即解救 1 个果冻，请点击。;万能勺子可以立即解救 1 个果冻，请点击。;คุณสามารถใช้ซุปเปอร์ช้อน\nช่วยเจลลี่ได้\nแตะเพื่อใช้ซุปเปอร์ช้อน;;;;;
V100_TUT5_2;7;Then tap a jelly to rescue it.;然后点击想解救的果冻。;然后点击想解救的果冻。;จากนั้นแตะที่เจลลี่\nเพื่อช่วยเหลือ;;;;;
V100_TUT6_1;7;Oh no, Tom! You better run, guys!;坏猫来啦！小伙伴们，快点跑啊！;坏猫来啦！小伙伴们，快点跑啊！;เจ้าแมวผู้หิวโซมาแล้ว เจ้าตัวน้อยรีบวิ่งกันเร็ว;;;;;
V100_TUT7_1;7;Now you can use Cross Rainbow, try it now.;现在可以使用十字彩虹消除道具了，立即点击它！;现在可以使用十字彩虹消除道具了，立即点击它！;เจ้าแมวผู้หิวโซจะทำให้\nเจลลี่ทั้งแถวตกใจกลัว\nแตะที่แมวผู้หิวโซ;;;;;
V100_TUT7_2;7;Then select this square.;然后选择这个格子。;然后选择这个格子。;แล้วก็เลือกแถวนี้;;;;;
V100_TUT8_1;7;See if you can rescue the 3 orange jellies that are next to the green jellies.;试着消除橙果冻边上的这 3 个绿果冻。;试着消除橙果冻边上的这 3 个绿果冻。;ช่วยเจลลี่สีส้ม 3 อัน ที่อยู่ติดกับเจลลี่สีเขียว;;;;;
V100_TUT8_2;7;Rescuing these jellies will add a +1 to adjacent orange jellies. This way you can rescue more orange jellies.;消除的果冻让旁边的橙果冻数量增加了。你会获得更多的橙果冻。;消除的果冻让旁边的橙果冻数量增加了。你会获得更多的橙果冻。;เมื่อช่วยพวกเขาจะได้1แต้มเพิ่ม และยังทำให้ได้สีส้มมากขึ้นด้วย;;;;;
V100_TUT9_1;7;;;;;;;;;
V100_TUT9_2;7;;;;;;;;;
V100_TUT9_3;7;;;;;;;;;
V100_TUT10_1;7;This is a jelly box, you can make a jelly when you rescue the jellies next to it.;这是一个果冻盒子，解救周围的果冻可以制作果冻;这是一个果冻盒子，解救周围的果冻可以制作果冻;นี่คือกล่องเจลลี่คุณ\nสามารถทำเจลลี่ได้เมื่อคุณ\nช่วยเจลลี่ที่อยู่ติดกัน;;;;;
V100_TUT10_2;7;One more time to continue making more jellies.;再次消除，继续制作果冻。;再次消除，继续制作果冻。;ทำอีกครั้ง\nเพื่อทำการเพิ่มเจลลี่;;;;;
V100_TUT10_3;7;Do it a third time and the jellies will be rescued.;当第3次消除时，果冻将会被解救。;当第3次消除时，果冻将会被解救。;ทำเป็นครั้งที่ 3 แล้วเจลลี่จะได้รับการช่วยเหลือ;;;;;
V100_TUT11_1;7;Will make the jelly sweeter, so you can harvest more!;可以让果冻们更甜，使获得的数量更多。;可以让果冻们更甜，使获得的数量更多。;จะทำให้เจลลี่หวานยิ่งขึ้นซึ่งจะทำให้ได้รับมากขึ้น;;;;;
V100_TUT12_1;7;Give this boost a shot! All jellies that can be rescued in the next move will get a +1!;快点一下试试吧！在这次移动的时候，所有可解救的果冻数量都会加 1 哦！;快点一下试试吧！在这次移动的时候，所有可解救的果冻数量都会加 1 哦！;ลองใช้ตัวช่วยดู เจลลี่ที่ได้รับการช่วยเหลือ จะได้รับคะแนนเพิ่ม 1;;;;;
V100_TUT14_1;6,7;A very powerful straw that can suck up all jellies of the same color.;吸力超强的吸管，可把一种颜色的果冻都吸光。;吸力超强的吸管，可把一种颜色的果冻都吸光。;ซุปเปอร์หลอดมีพลังมาก สามารถดูดเจลลี่สีเดียวกัน ให้หมดในครั้งเดียว;;;;;
V100_TUT14_2;7;Then tap on the green jelly and watch it unleash its awesome power!;再点击选择这个绿果冻，看看超级吸管的威力！;再点击选择这个绿果冻，看看超级吸管的威力！;แตะที่เจลลี่สีเขียว แล้วคอยดูพลังของซุปเปอร์หลอด;;;;;
V100_TUT25_1;6,7;Shuffle all the jellies.;可以让全局的果冻们快速换位置。;可以让全局的果冻们快速换位置。;สลับตำแหน่งเจลลี่;;;;;
V100_TUT26_1;7;"Tap the ""Jelly Swap"" icon and we'll show you how to swap jellies.";请点击快乐换换的图标，我们来看看如何交换果冻。;请点击快乐换换的图标，我们来看看如何交换果冻。;กดไปที่ตัวช่วยสับเปลี่ยน\nแล้วมาดูกันว่า\nเจลลี่เปลี่ยนที่ยังไง!;;;;;
V100_TUT26_2;7;Tap these two jellies and they'll swap positions.;请点击这两个果冻将他们交换位置。;请点击这两个果冻将他们交换位置。;กดไปที่เจลลี่ทั้ง 2 อัน\nเพื่อทำการสลับตำแหน่ง;;;;;
V100_TUT15_1;7;Ah, what's this? A new kind of jelly? Connect 3 of these ingredients to mix them.;咦？新的同伴？组合 3 个原料，让他们混合。;咦？新的同伴？组合 3 个原料，让他们混合。;อะไรนี่! เจลลี่แบบใหม่?\nลองผสมพวกเขาเข้าด้วยกัน\nดูซิว่าจะเป็นยังไง!;;;;;
V100_TUT15_2;7;Connect another 3 of these already mixed ingredients to make a teddy bear!;再组合 3 个混合的原料来变出一只小熊吧！;再组合 3 个混合的原料来变出一只小熊吧！;ผสม 3 ตัวนี้เข้าด้วยกัน\nเพื่อทำเจลลี่หมี!;;;;;
V100_TUT16_1;7;Combine the frozen blue jellies to break the ice.;组合冰块中的蓝果冻，果冻会直接冲破冰块。;组合冰块中的蓝果冻，果冻会直接冲破冰块。;รวมเจลลี่ที่ถูกแช่แข็ง เพื่อทำลายน้ำแข็ง;;;;;
V100_TUT17_1;7;Poor jellies are trapped, save them!;可怜的小伙伴被困住了，快救救他们吧;可怜的小伙伴被困住了，快救救他们吧;เพื่อนเจลลี่ที่น่าสงสารติดกับดักเข้าให้แล้ว รีบไปช่วยพวกเขากัน;;;;;
V100_TUT27_1;7;Play three QUEST levels to win keys, or purchase three keys to unlock now.;你可以挑战 3 个关卡来解救小伙伴们， 或直接购买 3 把钥匙来直接打开锁。;你可以挑战 3 个关卡来解救小伙伴们， 或直接购买 3 把钥匙来直接打开锁。;คุณสามารถเลือกที่จะทำภารกิจทั้ง 3 เพื่อช่วยเหลือเพื่อนเจลลี่หรือซื้อกุญแจ 3 ดอกเพื่อช่วยในทันที;;;;;
V100_TUT28_1;7;Match the red jelly cups and see what happens.;先组合红色的果冻杯，看看会发生什么;先组合红色的果冻杯，看看会发生什么;จับคู่ถ้วยเจลลี่สีแดง แล้วดูว่าจะเกิดอะไรขึ้น;;;;;
V100_TUT28_2;7;They've turned into a red jelly! Now match the red jellies to rescue them!;她们变成了一个红色果冻！再组合红色果冻来解救她们吧！;她们变成了一个红色果冻！再组合红色果冻来解救她们吧！;พวกเขากลายเป็นเจลลี่สีแดง\nทีนี้ก็จับคู่เพื่อช่วยพวกเขาเลย!;;;;;
V100_TUT29_1;7;These jellies have been blocked by an impenetrable wall.;果冻们被墙挡住了，她们不能穿过墙来移动;果冻们被墙挡住了，她们不能穿过墙来移动;เจลลี่ถูกขวางทางโดย\nกำแพงที่ไม่อาจทำลายได้;;;;;
V100_TUT29_2;7;Match jellies next to the wall to break it down.;穿过墙来组合果冻，可以打破墙;穿过墙来组合果冻，可以打破墙;จับคู่เจลลี่ซึ่งอยู่ติดกับ\nกำแพงเพื่อทำลายกำแพง;;;;;
V100_TUT29_3;7;Good work! One more time to destroy the wall completely.;就是这样！再来一次就可以打破了;就是这样！再来一次就可以打破了;เจ๋ง! จับคู่อีกครั้งก็สามารถ\nทำลายกำแพงได้แล้ว;;;;;
V100_TUT32_1;7;Walls will block the jam cannons from adding bonuses to the jellies. Break down the wall!;墙会阻止大炮的加成奖励，先打破墙吧！;墙会阻止大炮的加成奖励，先打破墙吧！;กำแพงจะบังปืนใหญ่\nไม่ให้เพิ่มคะแนนให้เจลลี่\nทำลายกำแพงซะ!;;;;;
V100_TUT33_1;7;Oh no, a worm! The worm will eat one jelly after every move.;虫子出现了！每次移动之后虫子就会吃掉一个果冻;虫子出现了！每次移动之后虫子就会吃掉一个果冻;หนอนออกมาแล้ว!\nทุกครั้งที่เคลื่อนที่\nหนอนจะกินเจลลี่ 1 ตัว;;;;;
V100_TUT33_2;7;Match the jellies next to the worm to knock him out.;在虫子周围组合果冻把它击晕;在虫子周围组合果冻把它击晕;จับคู่เจลลี่ที่อยู่ข้างหนอน\nเพื่อน็อคมัน!;;;;;
V100_TUT33_3;7;Once the worm is knocked out, keep matching jellies next to him to finish him off!;在晕掉的虫子周围组合果冻可以消灭它们！;在晕掉的虫子周围组合果冻可以消灭它们！;จับคู่เจลลี่อีกครั้ง\nเพื่อกำจัดหนอน!;;;;;
V100_TUT34_1;7;Jellies in the line of fire of the jam cannons will get a +1 bonus after every move.;在大炮路径上的果冻每次移动后都会获得+1的奖励！;在大炮路径上的果冻每次移动后都会获得+1的奖励！;เจลลี่ที่อยู่ในเส้นทางปืนใหญ่ จะได้รับโบนัสเพิ่ม1เมื่อเคลื่อนที่;;;;;
V100_TUT35_1;7;Spiral Candy! Match the pink jellies next to the Spiral Candy to see what happens!;软糖！连接软糖旁边的粉色果冻看看会发生什么！;软糖！连接软糖旁边的粉色果冻看看会发生什么！;ลูกกวาด! จับคู่เจลลี่ข้างๆ\nลููกกวาดแล้วดูว่า\nจะเกิดอะไรขึ้น!;;;;;
V100_TUT35_2;7;Spiral Candy have transformed into pink jellies! When you match crops next to a Spiral Candy it will transform into the kind of crop you just matched!;看，软糖变成粉色果冻了！软糖会变成任何你在他们旁边消除的东西。;看，软糖变成粉色果冻了！软糖会变成任何你在他们旁边消除的东西。;มันกลายเป็นเจลลี่สีชมพู!\nลูกกวาดจะเปลี่ยนเป็น\nสีเดียวกับตัวที่ถูกช่วย!;;;;;
V100_TUT18_1;7;Jellies on sugary areas will become more valuable! Each one that can be saved will add a +2 each round.;果冻在有糖粉的地方数量会变多哦！并且可解救的果冻每回合会增加2个产量。;果冻在有糖粉的地方数量会变多哦！并且可解救的果冻每回合会增加2个产量。;เจลลี่ที่อยู่ในน้ำตาลจะมีแต้มเพิ่ม\nมากกว่าปกติ มาช่วยพวกเขากัน!;;;;;
V100_TUT19_1;7;Saving the jellies next to the red ones will help the red jellies to escape!;解救红果冻边上的小伙伴，会帮助红果冻逃出来！;解救红果冻边上的小伙伴，会帮助红果冻逃出来！;ช่วยเหลือเจลลี่ข้างๆ\nเจลลี่สีแดง จะทำให้\nเจลลี่ี่สีแดงหนีออกมาได้;;;;;
V100_TUT19_2;7;Do it again to help the jellies escape.;再次解救，果冻逃出。;再次解救，果冻逃出。;เกือบได้แล้ว\nช่วยอีกครั้งเร็ว!;;;;;
V100_TUT19_3;7;Do it a third time and the jellies will be free!;第三次解救，自由啦！;第三次解救，自由啦！;ช่วยเหลือครั้งที่สาม\nแล้วเจลลี่จะเป็นอิสระ;;;;;
V100_TUT20_1;7;Melted jellies will have a negative effect on healthy jellies. If you try to connect melted and healthy jellies then none of them will be rescued.;这些融化的果冻会影响健康的果冻，当它们与健康果冻产生消除时，他们都不能被解救。;这些融化的果冻会影响健康的果冻，当它们与健康果冻产生消除时，他们都不能被解救。;เจลลี่ขี้โรคจะแพร่เชื้อ\nไปยังเจลลี่ดี\nห้ามนำมาต่อกัน!;;;;;
V100_TUT21_1;7;Can make sad jellies happy again.;可以让悲伤的果冻们再次高兴起来。;可以让悲伤的果冻们再次高兴起来。;สามารถทำเจลลี่ที่เศร้าใจใ\nห้กลับมามีชีวิตชีวาอีกครั้ง;;;;;
V100_TUT22_1;7;Tap the RESTORE icon to restore jellies that are about to melt.;点击修复图标来修复快融化了的果冻。;点击修复图标来修复快融化了的果冻。;แตะที่ไอคอนฟื้นฟู\nฟื้นพลังเจลลี่ขี้โรค;;;;;
V100_TUT24_1;7;What have we here? This blue star is so adorable! Move the jellies next to him to help him!;这又是什么？好可爱的蓝色星星！移动这边的小伙伴来帮助她吧！;这又是什么？好可爱的蓝色星星！移动这边的小伙伴来帮助她吧！;นี่มันอะไรกัน? ช่างเป็นดวงดาวสีฟ้าที่น่ารักจริงๆ! เคลื่อนที่เจลลี่ข้างๆเพื่อช่วยเขาเถอะ!;;;;;
V100_TUT100_1;7;Don't worry! You will always be able to get more lives, they'll replenish automatically every 30 minutes.;别担心，你还有很多体力，体力会在 30分钟内恢复。;别担心，你还有很多体力，体力会在 30分钟内恢复。;อย่าห่วงคุณยังมีชีวิตเหลือเฟือ\nพลังชีวิตจะฟื้นฟูภายในครึ่งชั่วโมง;;;;;
V100_TUT101_1;7;Out of boosts? You can use them again in a few hours, or buy some now and use them immediately!;道具已经用完啦！他们会慢慢恢复哟！不过如果您等不及的话，现在就来购买吧！;道具已经用完啦！他们会慢慢恢复哟！不过如果您等不及的话，现在就来购买吧！;ใช้ตัวช่วยจนหมดแล้ว! พวกมันจะฟืนฟูอย่างช้าๆ! แต่หากคุณไม่ต้องการรอก็สามารถซื้อได้ตอนนี้เลย!;;;;;
V100_HANDBOOK_SUMMARY;6;"Your jellies can provide you with extra ""adventure"" levels.";已收集的果冻朋友可以为你提供额外的冒险关卡。;已收集的果冻朋友可以为你提供额外的冒险关卡。;เพื่อนเจลลี่ของคุณสามารถนำภารกิจผจญภัยพิเศษมาให้คุณ;;;;;
V100_TUT30_1;7;Here you can find jellies that you've already collected.;在这里你可以找到收集到的果冻朋友们。;在这里你可以找到收集到的果冻朋友们。;คุณหาเพื่อนเจลลี่ ที่คุณช่วยได้แล้วนั้นได้ที่นี่;;;;;
V100_TUT31_1;7;"Tap ""PLAY"" to enter the extra ""adventure"" levels provided by your jellies.";点击“挑战”可以进入果冻朋友为你提供的额外冒险关卡。;点击“挑战”可以进入果冻朋友为你提供的额外冒险关卡。;แตะที่ เล่น\nเพื่อเล่นภารกิจ;;;;;
V100_TUT36_1;7;New quest levels available!;有新的支线关卡可以玩啦！;有新的支线关卡可以玩啦！;มีภารกิจใหม่ๆมาให้เล่นแล้ว!;;;;;
;;;;;;;;;;
V100_TUT200_1;7;We're free! Thank you so much!;自由啦！谢谢你！;自由啦！谢谢你！;เป็นอิสระแล้ว ขอบคุณมากนะ!;;;;;
V100_TUT200_2;7;We still have many friends yet to be rescued, maybe they're about to be eaten! Go rescue them, quick!;我们还有好多果冻朋友被抓，可能马上被吃掉，快去救他们吧。;我们还有好多果冻朋友被抓，可能马上被吃掉，快去救他们吧。;ยังมีเจลลี่อีกจำนวนหนึ่งที่โดนจับ และกำลังจะโดนกิน รีบเข้าไปช่วยพวกเขาเร็ว;;;;;
V100_TUT200_3;7;Start here!;就从这里开始吧！;就从这里开始吧！;เริ่มจากตรงนี้เถอะ;;;;;
V100_TUT201_1;7;Wow, I'm finally free! Thank you!;哇，谢谢你，我终于自由了！;哇，谢谢你，我终于自由了！;ขอบคุณมาก ในที่สุดก็เป็นอิสระแล้ว;;;;;
V100_TUT201_2;7;We need to find a way out of this room! Looks like there's a shortcut across the table, let's get moving!;我们得找条路逃出这座房子！看来从餐桌逃走是个捷径！快行动！;我们得找条路逃出这座房子！看来从餐桌逃走是个捷径！快行动！;พวกเราต้องหาทางออกจากห้องนี้ ดูเหมือนจะมีทางออก หากเราข้ามโต๊ะนี้ไปเร็วเข้า!;;;;;
V100_TUT202_1;7;I'm not tasty at all! Totally bland! I don't want to be eaten... get me out of here!;我不好吃，我不好吃！我不想被吃掉～～我要逃！;我不好吃，我不好吃！我不想被吃掉～～我要逃！;ฉันไม่อร่อยฉันไม่อยากโดนกิน\nช่วยฉันออกไปที!;;;;;
V100_TUT202_2;7;There's a cook over there on the kitchen counter, he knows how to get out of here. Let's go get him!;橱柜那头有个厨师，他可以指路，我们去找他！;橱柜那头有个厨师，他可以指路，我们去找他！;พ่อครัวที่อยู่ข้างเคาน์เตอร์\nสามารถบอกทางเราได้\nไปหาเขากันเถอะ!;;;;;
V100_TUT203_1;7;My cooking is much tastier than my body! Why would anyone want to eat me?;我做的菜味道比我自己的味道好多了，为什么他们要吃我？;我做的菜味道比我自己的味道好多了，为什么他们要吃我？;อาหารที่ฉันทำอร่อยกว่าฉันอีก ทำไมพวกเขาอยากกินฉันอีก;;;;;
V100_TUT203_2;7;There's a hallway next to the kitchen, which leads to a way out of here. I'll show you the way!;带上我，我知道橱柜边上的门通向走廊，房子的大门就在走廊的尽头！;带上我，我知道橱柜边上的门通向走廊，房子的大门就在走廊的尽头！;ฉันรู้ทางดี ข้างเคาน์เตอร์\nจะมีประตู ฉันจะนำทางเอง!;;;;;
V100_TUT204_1;7;People want to eat me because I'm pretty? Do I really look that delicious? No...;呜～～，我的美丽就是人类想吃掉我的理由吗？我看上去好吃吗？不。。。。;呜～～，我的美丽就是人类想吃掉我的理由吗？我看上去好吃吗？不。。。。;ผู้คนเห็นว่าฉันสีสวย\nเลยอยากกินฉันกันหมด ...;;;;;
V100_TUT204_2;7;I want to get out of here before I become somebody's meal! I've seen the key... it's on the shelf!;在我没有成盘中餐前，我要离开这里！我看见钥匙就在衣架上面。;在我没有成盘中餐前，我要离开这里！我看见钥匙就在衣架上面。;ฉันต้องรีบออกไปจากที่นี่ ก่อนที่จะกลายเป็นอาหาร เห็นล่ะกุญแจอยู่ตรงนั้นเอง;;;;;
V100_TUT205_1;7;Dreaming of new travels! I have the key, let's get out of here!;梦想！旅行！钥匙在我手，出门跟我走！;梦想！旅行！钥匙在我手，出门跟我走！;อิสรภาพอยู่แค่เอื้อม กุญแจอยู่ในมือฉันแล้ว ออกไปกันเถอะ!;;;;;
V100_TUT205_2;6,7;Have you heard? In a land faraway... there's something... something that can aid all those of the Jelly Kingdom!;你听说过那个东西吗？在遥远的国度，它可以援救果冻王国！;你听说过那个东西吗？在遥远的国度，它可以援救果冻王国！;มีตำนานเล่าว่ามีของวิเศษ\nในแดนสนธยาที่จะสามารถ\nช่วยเจลลี่ทั้งหมดได้!;;;;;
V100_TUT205_3;7;We must find it! It will give us renewed strength!;我们必须去找它！它能给我们精神与力量！;我们必须去找它！它能给我们精神与力量！;เร็วเข้า รีบไปตามหา\nของวิเศษกัน!;;;;;
V100_TUT206_1;7;Oh no... my ice cream hat has melted. I hope it won't diminish my elegant figure!;Oh。。。我头上的冰淇淋帽子都融化了，但愿不会影响我优雅的形象。;Oh。。。我头上的冰淇淋帽子都融化了，但愿不会影响我优雅的形象。;ดูสิ กว่าจะหนีมาได้\nหมวกไอศครีมละลายหมดแล้ว;;;;;
V100_TUT206_2;7;Oh, right. Legend speaks of this powerful object. I heard it's just on the other side of the city.;Oh,是的，传说中提到的那个强大的东西，我听说就在城市的那一边。;Oh,是的，传说中提到的那个强大的东西，我听说就在城市的那一边。;ตำนานเล่าว่าของวิเศษทรงพลัง\nอยู่ที่อีกฟากหนึ่ง\nของเมืองนี่เอง!;;;;;
V100_TUT206_3;7;You'll need to get a lot more jellies to help you if you want to find it. Let's go!;如果你要找到他，你需要找很多的伙伴一起帮助你，现在去吧！;如果你要找到他，你需要找很多的伙伴一起帮助你，现在去吧！;เราต้องมีกองทัพเจลลี่\nไว้ช่วยหาของวิเศษ!;;;;;
V100_TUT207_1;6,7;From the most simple labor you can experience an extraordinary life.;从最平凡的劳动中体会最不平凡的生命。;从最平凡的劳动中体会最不平凡的生命。;หนุ่มชาวสวนจะพาคุณ\nไปพบประสบการณ์\nที่แปลกใหม่!;;;;;
V100_TUT207_2;7;You'll need to overcome many hurdles if you want to find this object. You'll need to be determined and full of confidence!;如果你要找它，需要经历许多挫折，你需要有坚强的意志和信心！;如果你要找它，需要经历许多挫折，你需要有坚强的意志和信心！;เราต้องมีจิตใจแน่วแน่\nในการที่จะหาของวิเศษ\nเพื่อช่วยเหล่าเจลลี่!;;;;;
V100_TUT208_1;7;Oh yeah! Even though I'm in a cage, I can still enjoy my tasty fruit juice!;Oh yeah! 虽然是在笼子里，但也不会影响我喝果汁的心情！;Oh yeah! 虽然是在笼子里，但也不会影响我喝果汁的心情！;55 แม้จะโดนขังกรง\nแต่เราก็ยังดื่ม\nน้ำผลไม้ได้อยู่นะ!;;;;;
V100_TUT208_2;7;It's important to keep a positive attitude. It'll be much easier to find the object that way!;如果你要找到它，一定要保持乐观的态度，它会更容易进入你的内心！;如果你要找到它，一定要保持乐观的态度，它会更容易进入你的内心！;หากอยากหาของวิเศษเจอ\nเราก็ต้องอดทนเข้าไว้!;;;;;
V100_TUT209_1;7;Money isn't important. What's important is that you find it, as it is far more precious than any amount of money.;赚钱不是最重要的，重要的是你要找到它，那将比金钱贵重无数倍。;赚钱不是最重要的，重要的是你要找到它，那将比金钱贵重无数倍。;ของวิเศษมีค่ากว่าเงินหลายเท่า\nรีบไปหากันเถอะ!;;;;;
V100_TUT214_1;7;Arrr, a pirate I be! A jelly pirate! Sailin' toward freedom!;我是海盗，我是果冻海盗！我要航行去寻找自由！;我是海盗，我是果冻海盗！我要航行去寻找自由！;อ้า ดูสิ ฉันเหมือนกัปตันเรือไหม ไปกันเรา ล่องไปสู่อิสรภาพ!;;;;;
V100_TUT214_2;7;Wow, it's a beach! I finally have a chance to rest for a bit... I better stay out of that hot sun though!;噢天哪，这是一个海滩，我终于可以休息一会了。恩，防晒也很重要。;噢天哪，这是一个海滩，我终于可以休息一会了。恩，防晒也很重要。;ว้าว ชายหาด ในที่สุดฉันก็ได้หยุดพักแล้ว แต่ว่าต้องหลบแดดหน่อยละ!;;;;;
;;;;;;;;;;
;;;;;;;;;;
V110_MAP_NAME1;1,2;Fridge;冰箱;冰箱;ตู้เย็น;;;;;
V110_MAP_NAME2;1,2;Table;餐桌;餐桌;โต๊ะอาหาร;;;;;
V110_MAP_NAME3;1,2;Kitchen;橱柜;橱柜;ห้องครัว;;;;;
V110_MAP_NAME4;1,2;Hallway;走廊;走廊;โถงทางเดิน;;;;;
V110_MAP_NAME5;1,2;Foyer;门厅;门厅;โถงทางเข้า;;;;;
V110_MAP_NAME6;1,2;Porch;门廊;门廊;เฉลียงหน้าบ้าน;;;;;
V110_MAP_NAME7;1,2;Garden;花园;花园;สวนดอกไม้;;;;;
V110_MAP_NAME8;1,2;Street;街道;街道;ถนน;;;;;
V110_MAP_NAME9;1,2;Shopping Street;商业街;商业街;ฟุตบาท;;;;;
V110_MAP_NAME10;1,2;Toy Store;玩具店;玩具店;ร้านขายของเล่น;;;;;
V110_MAP_NAME11;1,2;Chinatown;唐人街;唐人街;ไชน่าทาวน์;;;;;
V110_MAP_NAME12;1,2;Jelly Cafe;果冻咖啡馆;果冻咖啡馆;ร้านกาแฟเจลลี่;;;;;
V110_MAP_NAME13;1,2;Beach;海滩;海滩;ชายหาด;;;;;
V110_MAP_NAME14;1,2;Sailing Boat;帆船;帆船;เรือใบ;;;;;
V110_MAP_NAME15;1,2;Football Field;足球场;足球场;เรือใบ;;;;;
V110_MAP_NAME16;1,2;Mexicana;墨西哥;墨西哥;เรือใบ;;;;;
V110_JELLY_NAME1;8,6;Tim Tomato;面包仔;面包仔;ขนมปังน้อย;;;;;
V110_JELLY_NAME2;8,6;Dimple Donut;吃货;吃货;จอมตะกละ;;;;;
V110_JELLY_NAME3;8,6;Frenchie;厨子;厨子;พ่อครัว;;;;;
V110_JELLY_NAME4;8,6;Miss Wobbly;小可爱;小可爱;สาวน้อยน่ารัก;;;;;
V110_JELLY_NAME5;8,6;Mister Bean;雨人;雨人;มนุษย์ฝน;;;;;
V110_JELLY_NAME6;8,6;Sewing Sally;主妇;主妇;แม่บ้าน;;;;;
V110_JELLY_NAME7;8,6;Farmer Joe;园丁;园丁;หนุ่มชาวสวน;;;;;
V110_JELLY_NAME8;8,6;Blubber Boy;果汁男;果汁男;หนุ่มน้ำผลไม้;;;;;
V110_JELLY_NAME9;8,6;Max;老板娘;老板娘;คัพเค้ก;;;;;
V110_JELLY_NAME10;8,6;Halloweenie;恐龙蛋;恐龙蛋;แม็กซ์;;;;;
V110_JELLY_NAME11;8,6;Lily Lantern;春丽;春丽;ชุนลี่;;;;;
V110_JELLY_NAME12;8,6;Gogh;梵高;梵高;แวนโก๊ะ;;;;;
V110_JELLY_NAME13;8,6;Fatty Boy;肥仔;肥仔;อ้วนกลม;;;;;
V110_JELLY_NAME14;8,6;Pirate;海盗;海盗;;;;;;
V110_JELLY_NAME15;8,6;Football Fanatic;球仔;球仔;;;;;;
V110_JELLY_NAME16;8,6;Mariachi Man;吉他男;吉他男;;;;;;
;;;;;;;;;;
V100_FREEGEMS;1;Free Gems;免费金币;免费金币;เหรียญทองฟรี;;;;;
V100_BESTSCORE;7;Best score;历史最高分;历史最高分;คะแนนสูงสุด;;;;;
V100_SCORE;6;score;分数;分数;คะแนน;;;;;
V100_YOUWIN;2;YOU WIN!;赢啦！;赢啦！;ชนะแล้ว !;;;;;
V100_LOSEINFO;7;You did not rescue all your friends!;你没有救出所有的小伙伴！;你没有救出所有的小伙伴！;คุณไม่ได้ช่วยเจลลี่ออกมาทั้งหมด!;;;;;
V100_NEWVERSION;6;New Version is available!;有新的版本哟！;有新的版本哟！;เวอร์ชั่นใหม่มาแล้วนะ!;;;;;
V100_DOWNLOAD;2;DOWNLOAD;马上下载;马上下载;รีบดาวน์โหลด;;;;;
;;;;;;;;;;
V140_PULL_LEVER;2;Pull the lever!;点击拉杆开始！;点击拉杆开始！;โยกคันบังคับเพื่อเริ่มต้น;;;;;
V140_SPIN_TITLE;1;SPIN AND WIN!;试试手气吧！;试试手气吧！;วัดดวงของคุณดู;;;;;
V140_SPINTIMES_(D);6;Spins: %d;剩余%d次;剩余%d次;เหลือ%dครั้ง;;;;;
V140_MORESPIN_(D);2;GET MORE SPINS! %d;     再 爽 一 把！  %d;     再 爽 一 把！  %d;หมุนอีกครั้ง! %d;;;;;
V140_PRIZE_LIST;2;PRIZE LIST;奖励列表;奖励列表;ตารางรางวัล;;;;;
V140_PRIZE_LIST_BUTTON;5;Prize List;奖励列表;奖励列表;ตารางรางวัล;;;;;
V140_NO_SPIN;6;No more spins. Buy some more to test out your luck?;Spin 用完了，是否购买一些试试运气?;Spin 用完了，是否购买一些试试运气?;ไม่สามารถหมุนต่อได้\nซื้อการหมุนเพิ่ม?;;;;;
V140_SPIN_SHARE;1;SHARE;分享;分享;แชร์;;;;;
V140_YOU_WON;2;You Won!;恭喜获得;恭喜获得;คุณได้รางวัล!;;;;;
V140_CONNECTFB_TIP;6;See how your friends are doing! Connect to Facebook!;;;มาดูซิว่าเพื่อนของคุณเป็นไงมั่ง เชื่อมต่อเฟสบุ๊คเลย!;;;;;
V140_FB_NEED;6;Asked for help;;;ขอความช่วยเหลือ;;;;;
V140_FB_GIFT;6;Sent you a life;;;ส่งชีวิตเพิ่มให้;;;;;
V140_COUNT_UNLIMIT;9;∞;∞;∞;∞;;;;;
V140_REFILL_LIFE_(D);2;REFILL FOR %d;花费 %d;花费 %d;เพิ่ม%d;;;;;
V140_(D)DAY_(D)HOUR;6;%dD %dH;%d天%d小时;%d天%d小时;%dD %dH;;;;;
V140_LEVEL(D)_UNLOCK;2;Level %d unlock;第%d关解锁;第%d关解锁;;;;;;
;;;;;;;;;;
V140_IAP_GOLD_BONUS;2;;累计充值送金币啦;累计充值送金币啦;สะสมยอดการเติมเงินเพื่อรับเหรียญ;;;;;
V140_HAS_PURCHASED;7;;现在已充;现在已充;ตอนนี้ได้ทำการเติมเงินแล้ว;;;;;
V140_HAS_GETED;7;;已领取;已领取;ได้รับแล้ว;;;;;
V140_GET_NOW;7;;立即领取;立即领取;รับทันที;;;;;
V140_NEED_NUM_TO_GET;7;;再充%d   可领;再充%d   可领;เติมเพิ่มอีก%dเพื่อรับ;;;;;
V140_BONUS_END;7;;距活动结束还有:;距活动结束还有:;จากจุดสิ้นสุดยังเหลือ :;;;;;
V140_DAY_HOUR;5,6,7;;天小时;天小时;วัน ชั่วโมง;;;;;
V140_BUY_NOW;1;;立即充值;立即充值;เติมเงินทันที;;;;;
V140_GREAT;1;;太棒了;太棒了;สุดยอด;;;;;
V140_CONGRATULATION_GET;4;;恭喜你已成功领取;恭喜你已成功领取;ยินดีด้วยคุณได้รับสำเร็จแล้ว;;;;;
V140_GREAT_NOW;1;;太棒了!;太棒了!;สุดยอดจริงๆ!;;;;;
V140_STAR_BONUS;7;;星星奖励;星星奖励;รางวัลดวงดาว;;;;;
V140_PURCHASE_BONUS;7;;充值奖励;充值奖励;รางวัลการเติมเงิน;;;;;
V140_5_DISCOUNT;7;;5折;5折;ลด50%;;;;;
V140_GETREWARD;1,4,2;;领取奖励;领取奖励;รับรางวัล;;;;;
V140_GETSTAR_CANEARN;6;;获得 %d 颗星星可领取:;获得 %d 颗星星可领取:;ได้รับดวงดาว %d ดวงรับได้ตอนนี้เลย;;;;;
V140_THANKS_FOR_UNLIMITLIFE;2;;谢谢你,送你无限生命!;谢谢你,送你无限生命!;ขอบคุณที่ส่งพลังงานไร้ขีดจำกัดมาให้!;;;;;
V140_THANKS_FOR_SUPPORT;7;;感谢你对游戏的支持,;感谢你对游戏的支持,;ขอบคุณที่สนับสนุนเกมเรา!;;;;;
V140_FREE_UPGRADE;7;;我们免费为你升级到;我们免费为你升级到;พวกเราทำการอัพเกรตให้คุณฟรีถึง;;;;;
V140_HAVE_GOOD_FEELING;7;;希望你可以享受这畅快的游戏体验!;希望你可以享受这畅快的游戏体验!;หวังว่าคุณสามารถเพลิดเพลินไปกับประสบการณ์การเล่นเกมนี้!;;;;;
V140_UNLIMIT_LIFE_DISCOUNT;2;;无限生命限时促销来啦!;无限生命限时促销来啦!;การลดราคาจำกัดเวลาของพลังงานไร้ขีดเริ่มขึ้นแล้ว!;;;;;
V140_ONLY_NEED_IN_DISCOUNT_TIME;6;;促销期间只要;促销期间只要;ระยะเวลาของโปรโมชั่น;;;;;
V140_CAN_GET_UNLIMIT_LIFE;6;;即可获得永久无限生命!;即可获得永久无限生命!;ก็จะได้รับพลังงานไร้ขีดจำกัดอย่างถาวร!;;;;;
;;;;;;;;;;
V140_NO_MESSAGE;6;No messages. Add some friends and start exchanging gifts.;现在没有任何消息，请添加好友一起来送礼物吧。;现在没有任何消息，请添加好友一起来送礼物吧。;ตอนนี้ไม่ข่าวสาร\nกรุณาเพิ่มเพื่อนเพื่อ\nมารับส่งของขวัญกัน;;;;;
V150_LOADING_PLAY;1;PLAY;开始游戏;开始游戏;เล่น;;;;;
V150_LOADING_CONNECT;1;CONNECT;连接;连接;เชื่อมต่อ;;;;;
V150_HIGH_SCORE;6;HIGH SCORE;最高分;最高分;คะแนนสูงสุด;;;;;
V150_ASK_FRDS;1;ASK FRIENDS;邀请朋友;邀请朋友;เชิญเพื่อน;;;;;
V150_MESSAGES;1;MESSAGES;消息;消息;ข้อความ;;;;;
V150_CHECK_ALL;2;CHECK ALL;;;ดูทั้งหมด;;;;;
V150_ACCEPT;2;ACCEPT;;;ยอมรับ;;;;;
V150_NEXT;1;NEXT;下一关;下一关;ด่านต่อไป;;;;;
V100_TUT13_1;7;Defeated? Don't worry, this will help you get back on the winning track! Have a try for free!;步数用完了？没关系，续步道具可以让你重新回到游戏！本次使用免费！;步数用完了？没关系，续步道具可以让你重新回到游戏！本次使用免费！;ไม่ผ่านด่านเหรอ? ไม่ต้องกังวล นี่จะช่วยให้คุณเอาชนะได้ง่ายขึ้น! ลองเล่นฟรี!;;;;;
V150_FB_GETLIVES;6;Get more lives by asking your friends on Facebook for help. ;;;เพิ่มชีวิตโดยการ\nขอเพื่อนทางเฟสบุ๊ค\nให้ช่วยคุณ;;;;;
V150_PLAYON_COST;6;Buy 5 extra moves for %d;继续玩花费%d;继续玩花费%d;;;;;;
V150_UPGRADE_TO_UNLIMITLIFE;7;;升级到无限生命!;升级到无限生命!;;;;;;
V150_BOOSTERTIP_HARVEST1GRID;6;Tap any square to use the spoon.;请点击任意一个目标格子来使用勺子;请点击任意一个目标格子来使用勺子;ซุปเปอร์ช้อน:ให้แตะที่ช่องที่คุณต้องการใช้ซุปเปอร์ช้อนเพื่อทำการเริ่มใช้;;;;;
V150_BOOSTERTIP_HARVEST1ROW;6;Tap any space to set off a Cross Squares on that row and column.;请点击要消除的行列;请点击要消除的行列;กากบาท:แตะไปที่แถวที่คุณต้องการจะกำจัด;;;;;
V150_BOOSTERTIP_HARVEST1TYPE;6;Select a jelly of any color, the straw will then be used to rescue all jellies of that color.;请选择任意一个某种颜色的果冻，吸管将会把选中颜色的果冻全部拯救;请选择任意一个某种颜色的果冻，吸管将会把选中颜色的果冻全部拯救;ซุปเปอร์หลอด:เลือกเจลลี่สีที่ต้องการกำจัด แล้วใช้หลอดดูดเพื่อทำการช่วยเหลือ;;;;;
V150_BOOSTERTIP_SHUFFLE;6;Select any two jellies and their positions will be swapped.;请选择两个果冻，把他们交换位置;请选择两个果冻，把他们交换位置;สับเปลี่ยน:เลือกเจลลี่มาสองอัน จากนั้นแตะเพื่อทำการสลับตำแหน่ง;;;;;
V100_TUT103_1;7;"Rescue 5 jellies in an ""L"",""T"", or ""+"" shape to create a Cross Square.";拯救“L”，“T”或者“+”形状的5个个果冻来获得一个十字消格子。;拯救“L”，“T”或者“+”形状的5个个果冻来获得一个十字消格子。;ช่วยเหลือเจลลี่ในแถว L หรือT\nเพื่อกำจัดเจลลี่ทั้งแถว;;;;;
V100_TUT103_2;7;Yeah, a Cross Square! Rescue any jellies on the top for the super rescue!;十字消格子出现了！拯救任何在格子上面的果冻都会触发一个强力的效果！;十字消格子出现了！拯救任何在格子上面的果冻都会触发一个强力的效果！;แถวรูปกากบาทออกมาแล้ว!\nหากช่วยเหลือเจลลี่ใดๆที่อยู่ในกากบาท\nก็จะเกิดพลังอันน่าสะพรึง!;;;;;
V100_TUT104_1;7;Rescue 5 jellies in a row to create a Super Square.;拯救5个一行的果冻来获得一个超级格子。;拯救5个一行的果冻来获得一个超级格子。;ช่วยเจลลี่ 5 ตัว\nที่อยู่ในแถวเดียวกัน\nเพื่อรับช่องพิเศษหนึ่งช่อง;;;;;
V100_TUT104_2;7;Rescue any jellies on the top of the Super Square to see the super power!;拯救任何超级格子上的果冻都会获得一个超级力量！;拯救任何超级格子上的果冻都会获得一个超级力量！;เมื่อช่วยเจลลี่สีใดๆ\nที่อยู่ในช่องพิเศษ\nคุณจะได้รับพลังงานพิเศษ;;;;;
;;;;;;;;;;
V150_FREE_PLAYON;6;Free;本次免费;本次免费;;;;;;
;;;;;;;;;;
V170_DAILYSIGN_BOTTOM;7;If you miss a check-in, your streak will be reset to the first day.\nOnce you have checked in on the 25th day, it will automatically reset to the first day.;如果中间错过签到的话，将会回到第一天重新开始\n完成25天签到后回到第一天重新开始;如果中间错过签到的话，将会回到第一天重新开始\n完成25天签到后回到第一天重新开始;;;;;;
V170_SIGN_BUTTON;1;CHECK-IN;签到;签到;;;;;;
V170_MINUTES_(D);7;%dm;%dm;%dm;;;;;;
V170_MAKEUP_TITLE_(D);2;We haven't seen you for %d days;我们已经%d天\n没有见面了;我们已经%d天\n没有见面了;;;;;;
V170_MAKEUP_TIP_(D);7;Your daily check-in bonus will be reset to day 1.\nOr you can use coins to keep your current progress.;签到奖励将要从第一天重新开始。\n但是你可以用金币来恢复到最近的签到。;签到奖励将要从第一天重新开始。\n但是你可以用金币来恢复到最近的签到。;;;;;;
V170_MAKEUP_(D);2;for start from day %d;    从第%d天开始;    从第%d天开始;;;;;;
V170_MAKEUP_1;2;Start from day 1;从第1天开始;从第1天开始;;;;;;
V170_DAILYBOX_TIP;6;If you make it this far you'll get 3 gold!;如果到达这里就会获得3个金币！;如果到达这里就会获得3个金币！;;;;;;
V170_DAILYBOX_REWARD;6;Congratulations! Here's your 3 gold bonus for today.;恭喜你！这是今天的3个金币奖励;恭喜你！这是今天的3个金币奖励;;;;;;
V150_KAKAO_SENDHEART_TITLE;1;SEND LIFE;赠送生命;赠送生命;;;;;;
V150_KAKAO_SENDHEART_TOP;6;Your friends need lives,send them now!;你的朋友们需要生命，送给他们吧！;你的朋友们需要生命，送给他们吧！;;;;;;
V150_KAKAO_SENDHEART_BOTTOM;7;Touch the Send button to send your friends lives.;点击赠送按钮给朋友们送生命;点击赠送按钮给朋友们送生命;;;;;;
V150_KAKAO_PROFILE_SEND;1;SEND;送体力;送体力;;;;;;
V150_KAKAO_FURTHESTLEVEL_(D);7;level %d;第%d关;第%d关;;;;;;
V150_KAKAO_PROFILE;7;Send Life;赠送生命;赠送生命;;;;;;
V100_BOOSTER_UNLIMITLIFE;1,2,6,7;Unlimited Lives;无限体力;无限体力;;;;;;
V100_NUM;1,2,3,4,5,6,7,8,9;1234567890;1234567890;1234567890;1234567890;;;;;
